{
  "total_authors": 2452,
  "multi_field_authors": 1510,
  "multi_field_ratio": 0.6158238172920065,
  "interdisciplinary_collaborations": 16773,
  "total_collaborations": 37856,
  "interdisciplinary_ratio": 0.443073753169907
}