{
  "total_authors": 12750,
  "multi_field_authors": 7857,
  "multi_field_ratio": 0.6162352941176471,
  "interdisciplinary_collaborations": 114196,
  "total_collaborations": 217682,
  "interdisciplinary_ratio": 0.5246001047399418
}