{
  "total_authors": 29773,
  "multi_field_authors": 23259,
  "multi_field_ratio": 0.7812111644778826,
  "interdisciplinary_collaborations": 634476,
  "total_collaborations": 818595,
  "interdisciplinary_ratio": 0.7750792516445861
}