{
  "total_authors": 2940,
  "multi_field_authors": 2232,
  "multi_field_ratio": 0.7591836734693878,
  "interdisciplinary_collaborations": 50698,
  "total_collaborations": 75932,
  "interdisciplinary_ratio": 0.6676763419902018
}